INSERT INTO Department values ('0001','Computer Science');
INSERT INTO Department values ('0002','SoftwareEngineering');
INSERT INTO Department values ('0003','History');
INSERT INTO Department values ('0004','Finance');
INSERT INTO Department values ('0005','Music');
INSERT INTO Department values ('0006','Philosophy');
INSERT INTO Major values ('0001','music','0001');
INSERT INTO Major values ('0002','sing','0002');
INSERT INTO Major values ('0003','math','0003');
INSERT INTO Major values ('0004','english','0004');
INSERT INTO Major values ('0005','time','0005');
INSERT INTO Teacher values ('0001','Jacky','0001');
INSERT INTO Teacher values ('0002','Gary','0002');
INSERT INTO Teacher values ('0003','Paul','0003');
INSERT INTO Teacher values ('0004','Toby','0004');
INSERT INTO Teacher values ('0005','Tony','0005');
INSERT INTO Student values ('20200740001','jacky','0001');
INSERT INTO Student values ('20200740002','apple','0002');
INSERT INTO Student values ('20200740003','banana','0003');
INSERT INTO Student values ('20200740004','cat ','0001');
INSERT INTO Student values ('20200740005','dog','0005');
INSERT INTO Student values ('20200740006','gary','0003');
INSERT INTO Student values ('20200740007','paul','0004');
INSERT INTO Student values ('20200740008','khan','0001');
INSERT INTO Student values ('20200740009','tiantian','0005');
INSERT INTO Student values ('20200740010','god','0002');
INSERT INTO Student values ('20200740011','black','0004');
INSERT INTO Student values ('20200740012','blue','0005');
INSERT INTO Student values ('20200740013','pink','0001');
INSERT INTO Course values ('00000001','Computer Science');
INSERT INTO Course values ('00000002','Software Engineering');
INSERT INTO Course values ('00000003','e-commence');
INSERT INTO Course values ('00000004','Chinese Music');
INSERT INTO Course values ('00000005','Math - 1');
INSERT INTO Course values ('00000006','Math - 2');
INSERT INTO Course values ('00000007','Math - 3');
INSERT INTO Course values ('00000008','philosophy');
INSERT INTO ExClass values ('00000001','00000001','2020','spring');
INSERT INTO ExClass values ('00000002','00000002','2020','spring');
INSERT INTO ExClass values ('00000003','00000003','2020','spring');
INSERT INTO ExClass values ('00000004','00000004','2020','spring');
INSERT INTO ExClass values ('00000005','00000005','2020','spring');
INSERT INTO ExClass values ('00000006','00000006','2020','spring');
INSERT INTO ExClass values ('00000007','00000001','2020','spring');
INSERT INTO ExClass values ('00000008','00000002','2020','spring');
INSERT INTO ExClass values ('00000009','00000003','2020','spring');
INSERT INTO ExClass values ('00000010','00000004','2020','spring');
INSERT INTO ExClass values ('00000011','00000005','2020','spring');
INSERT INTO ExClass values ('00000012','00000006','2020','spring');
INSERT INTO ExClass values ('00000013','00000007','2020','spring');
INSERT INTO ExClass values ('00000014','00000008','2020','spring');
INSERT INTO ExClass values ('00000015','00000001','2020','spring');
INSERT INTO ExClass values ('00000016','00000002','2020','spring');
INSERT INTO ExClass values ('00000017','00000003','2020','fall');
INSERT INTO ExClass values ('00000018','00000004','2020','fall');
INSERT INTO ExClass values ('00000019','00000005','2020','fall');
INSERT INTO ExClass values ('00000020','00000006','2020','fall');
INSERT INTO ExClass values ('00000021','00000001','2020','fall');
INSERT INTO ExClass values ('00000022','00000002','2020','fall');
INSERT INTO ExClass values ('00000023','00000003','2020','fall');
INSERT INTO ExClass values ('00000024','00000004','2020','fall');
INSERT INTO ExClass values ('00000025','00000005','2020','fall');
INSERT INTO ExClass values ('00000026','00000006','2020','fall');
INSERT INTO ExClass values ('00000027','00000007','2020','fall');
INSERT INTO ExClass values ('00000028','00000008','2021','spring');
INSERT INTO ExClass values ('00000029','00000004','2021','spring');
INSERT INTO ExClass values ('00000030','00000005','2021','spring');
INSERT INTO ExClass values ('00000031','00000006','2021','spring');
INSERT INTO ExClass values ('00000032','00000001','2021','spring');
INSERT INTO ExClass values ('00000033','00000002','2021','spring');
INSERT INTO ExClass values ('00000034','00000003','2021','spring');
INSERT INTO ExClass values ('00000035','00000004','2021','spring');
INSERT INTO ExClass values ('00000036','00000005','2021','spring');
INSERT INTO ExClass values ('00000037','00000006','2021','spring');
INSERT INTO ExClass values ('00000038','00000007','2021','spring');
INSERT INTO ExClass values ('00000039','00000008','2021','spring');
INSERT INTO ExClass values ('00000040','00000001','2021','spring');
INSERT INTO ExClass values ('00000041','00000002','2021','spring');
INSERT INTO ExClass values ('00000042','00000003','2021','spring');
INSERT INTO ExClass values ('00000043','00000004','2021','spring');
INSERT INTO ExClass values ('00000044','00000005','2021','spring');
INSERT INTO ExClass values ('00000045','00000006','2021','spring');
INSERT INTO ExClass values ('00000046','00000001','2021','fall');
INSERT INTO ExClass values ('00000047','00000002','2021','fall');
INSERT INTO ExClass values ('00000048','00000003','2021','fall');
INSERT INTO ExClass values ('00000049','00000004','2021','fall');
INSERT INTO ExClass values ('00000050','00000005','2021','fall');
INSERT INTO ExClass values ('00000051','00000006','2021','fall');
INSERT INTO ExClass values ('00000052','00000001','2021','fall');
INSERT INTO ExClass values ('00000053','00000002','2021','fall');
INSERT INTO ExClass values ('00000054','00000003','2021','fall');
INSERT INTO Learn values ('20200740001','00000001','86.36');
INSERT INTO Learn values ('20200740002','00000002','74.47');
INSERT INTO Learn values ('20200740003','00000003','53.78');
INSERT INTO Learn values ('20200740004','00000004','83.48');
INSERT INTO Learn values ('20200740005','00000005','37.57');
INSERT INTO Learn values ('20200740006','00000006','89.25');
INSERT INTO Learn values ('20200740007','00000007','90.47');
INSERT INTO Learn values ('20200740008','00000008','99.99');
INSERT INTO Learn values ('20200740009','00000009','87.58');
INSERT INTO Learn values ('20200740010','00000010','78.78');
INSERT INTO Learn values ('20200740011','00000011','75.38');
INSERT INTO Learn values ('20200740012','00000012','38.8');
INSERT INTO Learn values ('20200740013','00000013','89.45');
INSERT INTO Learn values ('20200740012','00000014','80.95');
INSERT INTO Learn values ('20200740001','00000015','78.78');
INSERT INTO Learn values ('20200740001','00000016','75.38');
INSERT INTO Learn values ('20200740001','00000017','38.8');
INSERT INTO Learn values ('20200740010','00000001','67.58');
INSERT INTO Learn values ('20200740011','00000001','83.58');
INSERT INTO Learn values ('20200740012','00000001','78.78');
INSERT INTO Learn values ('20200740013','00000001','75.38');
INSERT INTO Teaching values ('0001','00000001');
INSERT INTO Teaching values ('0002','00000002');
INSERT INTO Teaching values ('0003','00000003');
INSERT INTO Teaching values ('0004','00000004');
INSERT INTO Teaching values ('0005','00000005');
INSERT INTO Teaching values ('0003','00000006');
INSERT INTO Teaching values ('0003','00000007');
INSERT INTO Teaching values ('0004','00000008');
